<?xml version="1.0" encoding="utf-8"?>
<odoo>
        <!-- Top menu item -->
        <menuitem name="Accounting"
            id="account.menu_finance"/>

        <!-- ir.config.settings -->
        <record id="res_config_settings_view_form" model="ir.ui.view">
            <field name="name">res.config.settings.view.form.inherit.accountant</field>
            <field name="model">res.config.settings</field>
            <field name="inherit_id" ref="account.res_config_settings_view_form"/>
            <field name="arch" type="xml">
                <xpath expr="//div[@data-key='account_invoicing']" position="attributes">
                    <attribute name="data-string">Accounting</attribute>
                </xpath>
            </field>
        </record>


    <data noupdate="1">

        <!-- Notify all employees of module installation -->
        <record model="mail.message" id="module_install_notification">
            <field name="model">mail.channel</field>
            <field name="res_id" ref="mail.channel_all_employees"/>
            <field name="message_type">notification</field>
            <field name="subtype_id" ref="mail.mt_comment"/>
            <field name="subject">Accounting and Finance application installed!</field>
            <field name="body"><![CDATA[<p>With Odoo's accounting, you get instant access to your financial data, and can setup analytic accounting, forecast taxes, control budgets, easily create and send invoices, record bank statements, etc.</p>
<p>The accounting features are fully integrated with other Odoo applications to automate all your processes: creation of customer invoices, control of supplier bills, point-of-sale integration, automated follow-ups, etc.</p>]]></field>
        </record>
    </data>
</odoo>
